"title","price","url"
"T-conn Board Bn95-01211A Bn-97 07654A","$20.00","https://www.ebay.com/itm/T-conn-Board-Bn95-01211A-Bn-97-07654A/303207449403?hash=item469892833b:g:H6QAAOSwyvldGMZD"
"SAMSUNG ONE CONNECT CABLE BN39-02210A BN39-02210C 9 ft long Braided cable","$14.00","https://www.ebay.com/itm/SAMSUNG-ONE-CONNECT-CABLE-BN39-02210A-BN39-02210C-9-ft-long-Braided-cable/173943855286?hash=item287fdc98b6:g:xXwAAOSwKF1dBPm2"
"Samsung BN96-29074A/BN96-29075A LED Backlight Strips NEW! (12)","$89.95","https://www.ebay.com/itm/Samsung-BN96-29074A-BN96-29075A-LED-Backlight-Strips-NEW-12/252769026387?hash=item3ada354153:g:NWQAAOSwA3dYfbNT:sc:FedExHomeDelivery!49503!US!-1"
"SAMSUNG UN55KU6300F POWER SUPPLY board BN94-10712A","$27.95","https://www.ebay.com/itm/SAMSUNG-UN55KU6300F-POWER-SUPPLY-board-BN94-10712A/223570442337?hash=item340dd63861:g:d4QAAOSwhFpdGApk"
"⭐️⭐️⭐️⭐️⭐️ For Samsung WIDT20R BN59-01148A BN59-01148B Wi-fi Card Chip Adapter","$29.88","https://www.ebay.com/itm/For-Samsung-WIDT20R-BN59-01148A-BN59-01148B-Wi-fi-Card-Chip-Adapter/273140335847?hash=item3f986ec4e7:g:k6oAAOSwh1Fc47Tj:sc:USPSFirstClass!49503!US!-1"
"GENUINE SAMSUNG BN82-01468A UHD 65 TV ONE CONNECT ONLY","$189.00","https://www.ebay.com/itm/GENUINE-SAMSUNG-BN82-01468A-UHD-65-TV-ONE-CONNECT-ONLY/273842104578?hash=item3fc242e902:g:TWsAAOSwFLlc1vnU"
"SAMSUNG UN58H5202AFXZA BOARD KIT BN94-07903L BN44-00787A BN96-32745A ""No Return""","$99.00","https://www.ebay.com/itm/SAMSUNG-UN58H5202AFXZA-BOARD-KIT-BN94-07903L-BN44-00787A-BN96-32745A-No-Return/273433323563?hash=item3fa9e5682b:g:2dQAAOSwvtBccsMa"
"SAMSUNG PN43E450A1F STAND and Mount BN63-09219X016 for 43 to 51 inch","$12.99","https://www.ebay.com/itm/SAMSUNG-PN43E450A1F-STAND-and-Mount-BN63-09219X016-for-43-to-51-inch/192961429870?hash=item2ced65c16e:g:cpIAAOSwGIJdEULq"
"Samsung 46"" LN46A500 LN46C530 BN44-00202A Power Supply Board Unit","$26.48","https://www.ebay.com/itm/Samsung-46-LN46A500-LN46C530-BN44-00202A-Power-Supply-Board-Unit/362265183464?epid=11027301481&hash=item5458b004e8:g:PUcAAOSwmThcv1FL"
"Samsung UN65KS8000FXZA OEM Remote Control BN59-01292A RMCSPM1AP1 A0710200","$19.45","https://www.ebay.com/itm/Samsung-UN65KS8000FXZA-OEM-Remote-Control-BN59-01292A-RMCSPM1AP1-A0710200/183855411506?epid=23022642097&hash=item2acea2f132:g:O~oAAOSwPdhdDAGm:sc:USPSPriority!49503!US!-1"
"Oem Samsung BN96-44183A One Connect PC Board Only( NO Cable Included)","$19.99","https://www.ebay.com/itm/Oem-Samsung-BN96-44183A-One-Connect-PC-Board-Only-NO-Cable-Included/303023582542?hash=item468d9ced4e:g:4x8AAOSwzbxajHnX"
"Samsung Stand BN96-36261A M4 x L14(4EA) (2d)","$17.99","https://www.ebay.com/itm/Samsung-Stand-BN96-36261A-M4-x-L14-4EA-2d/113796368257?epid=12031334187&hash=item1a7ecac781:g:QrsAAOSwtz5c9YZa"
"Samsung 60"" UN60H6300AFXZA BN95-01336A LED/LCD T-Con Timing Board Unit","$13.92","https://www.ebay.com/itm/Samsung-60-UN60H6300AFXZA-BN95-01336A-LED-LCD-T-Con-Timing-Board-Unit/161589419916?epid=4014007544&hash=item259f7adf8c:g:yEYAAOSwGjxcv1OJ"
"SAMSUNG UN46EH6000F MAIN BOARD BN41-01778A","$17.99","https://www.ebay.com/itm/SAMSUNG-UN46EH6000F-MAIN-BOARD-BN41-01778A/392322864760?hash=item5b5843d678:g:CMAAAOSw3hFdFrTS"
"ONE CONNECT BOX BN96-44667A","$85.00","https://www.ebay.com/itm/ONE-CONNECT-BOX-BN96-44667A/303115560650?epid=5021768765&hash=item46931866ca:g:wzUAAOSwIO9cpEEG"
"Samsung BN96-28764A/BN96-28765A LED Backlight Strips (3)","$49.95","https://www.ebay.com/itm/Samsung-BN96-28764A-BN96-28765A-LED-Backlight-Strips-3/362166021290?hash=item5452c6ecaa:g:bw0AAOSwBjdaFbB8"
"Samsung UN65NU8000FXZA Main Board BN94-12927A BN97-14118A Ver:FE07 FA01 FD04","$41.00","https://www.ebay.com/itm/Samsung-UN65NU8000FXZA-Main-Board-BN94-12927A-BN97-14118A-Ver-FE07-FA01-FD04/303205830878?hash=item469879d0de:g:90QAAOSwrl9dFt-0"
"SAMSUNG 60"" UN60J6200AF/XZC BN96-30147A T-Con Timing Control Board Unit","$18.92","https://www.ebay.com/itm/SAMSUNG-60-UN60J6200AF-XZC-BN96-30147A-T-Con-Timing-Control-Board-Unit/172079024759?epid=10014011077&hash=item2810b58a77:g:HPQAAOSwXdlcv1a3"
"SAMSUNG UN58H5202AFXZA POWER BOARD PART# BN44-00787A","$89.00","https://www.ebay.com/itm/SAMSUNG-UN58H5202AFXZA-POWER-BOARD-PART-BN44-00787A/272968956512?epid=1555125727&hash=item3f8e37ba60:g:I3EAAOSwHodch2oj"
"SAMSUNG UN65F6300AF 65"" 1080p SMART LED TV POWER SUPPLY BOARD BN44-00614A WORKS","$96.00 $125.00","https://www.ebay.com/itm/SAMSUNG-UN65F6300AF-65-1080p-SMART-LED-TV-POWER-SUPPLY-BOARD-BN44-00614A-WORKS/223564473133?epid=9011364835&hash=item340d7b232d:g:ZVMAAOSwudBdB~LV"
"Samsung UN55H6203AFXZA LED Backlight Strip Set 10- BN96-28772A BN96-28773A","$39.95","https://www.ebay.com/itm/Samsung-UN55H6203AFXZA-LED-Backlight-Strip-Set-10-BN96-28772A-BN96-28773A/153452991510?epid=2256610803&hash=item23ba82d416:g:z2oAAOSw4FdctPRD"
"Samsung one connect BN96-44183A, Free Shipping,","$29.99","https://www.ebay.com/itm/Samsung-one-connect-BN96-44183A-Free-Shipping/173568446990?hash=item28697c520e:g:aboAAOSwacJa~e0e:sc:USPSPriority!49503!US!-1"
"New open box Samsung One Connect Cable, QLED 16 Ft/5 Meter, Model # Bn39-02395A","$70.00","https://www.ebay.com/itm/New-open-box-Samsung-One-Connect-Cable-QLED-16-Ft-5-Meter-Model-Bn39-02395A/113780664674?hash=item1a7ddb2962:g:CCAAAOSwdeVdASvu"
"GENUINE Samsung One Connect Cable Cord for BN91-17814W BN91-178814A 9'6""","$49.99","https://www.ebay.com/itm/GENUINE-Samsung-One-Connect-Cable-Cord-for-BN91-17814W-BN91-178814A-96/173928453928?hash=item287ef19728:g:x0UAAOSw4DJYfnUx:sc:USPSFirstClass!49503!US!-1"
"SAMSUNG One Connect BN91-18726A, Free Shipping","$29.99","https://www.ebay.com/itm/SAMSUNG-One-Connect-BN91-18726A-Free-Shipping/401610313946?hash=item5d81d710da:g:De4AAOSw9tpbYdxI"
"SAMSUNG 60"" UN60J6200AFXZA BN94-09127A Main Video Board Motherboard Unit","$19.94","https://www.ebay.com/itm/SAMSUNG-60-UN60J6200AFXZA-BN94-09127A-Main-Video-Board-Motherboard-Unit/172090417260?epid=3014018182&hash=item281163606c:g:iTwAAOSw1Ldcv1b9"
"Samsung Main Board BN97-13470A -- Tested","$49.99","https://www.ebay.com/itm/Samsung-Main-Board-BN97-13470A-Tested/283533738973?hash=item4203ed83dd:g:8o4AAOSwTm9dGhEQ:sc:USPSPriority!49503!US!-1"
"NEW Samsung Original TV Wall Mount Adapters UN65KS8000 UN55KS8000 BN61-13518A","$14.95","https://www.ebay.com/itm/NEW-Samsung-Original-TV-Wall-Mount-Adapters-UN65KS8000-UN55KS8000-BN61-13518A/132407681935?hash=item1ed41ce38f:g:1A8AAOSw52Fc79RJ"
"Samsung 40"" LNS4051DX/XAA BN94-00864A LCD Main Video Board Motherboard Unit","$22.99","https://www.ebay.com/itm/Samsung-40-LNS4051DX-XAA-BN94-00864A-LCD-Main-Video-Board-Motherboard-Unit/161993207422?hash=item25b78c2e7e:g:USoAAOSw4~1cv1I0"
"Samsung BN94-07868A Main Board for UN46H6201AFXZA (Version TD01)","$38.00","https://www.ebay.com/itm/Samsung-BN94-07868A-Main-Board-for-UN46H6201AFXZA-Version-TD01/254176748783?epid=1731711981&hash=item3b2e1d64ef:g:wVgAAOSwNmVahT-7"
"Samsung UN55J6200AFXZA LED Backlight Strip Set 10- BN96-28772A BN96-28773A","$39.95","https://www.ebay.com/itm/Samsung-UN55J6200AFXZA-LED-Backlight-Strip-Set-10-BN96-28772A-BN96-28773A/153452991561?epid=2256610803&hash=item23ba82d449:g:MmMAAOSw~dVctPRJ"
"BN44-00516A Samsung Power Supply Board PN64E8000GFXZA PN64E7000F For 64"" TV","$127.99","https://www.ebay.com/itm/BN44-00516A-Samsung-Power-Supply-Board-PN64E8000GFXZA-PN64E7000F-For-64-TV/282241571676?hash=item41b6e89b5c:g:bYUAAOSwckVcOWOA:sc:USPSPriority!49503!US!-1"
"BN96-29074A/BN96-29075A Samsung LED Kit (Set of 6 Strips) from UN60H6203AFXZA","$49.98","https://www.ebay.com/itm/BN96-29074A-BN96-29075A-Samsung-LED-Kit-Set-of-6-Strips-from-UN60H6203AFXZA/323848654104?epid=22019239973&hash=item4b66e24d18:g:vm8AAOSwIK9dBr4l"
"Samsung LN46B650T1FXZA Main Board BN94-02573G BN97-03088G, BN40-00140A","$29.00","https://www.ebay.com/itm/Samsung-LN46B650T1FXZA-Main-Board-BN94-02573G-BN97-03088G-BN40-00140A/183853364204?epid=2204930923&hash=item2ace83b3ec:g:~5sAAOSw-O9dCnJ3:sc:USPSPriority!49503!US!-1"
"ORIGINAL SAMSUNG BN59-01315A REMOTE CONTROL","$10.00","https://www.ebay.com/itm/ORIGINAL-SAMSUNG-BN59-01315A-REMOTE-CONTROL/192948155909?epid=28023108564&hash=item2cec9b3605:g:fEwAAOSwgphdAQDP"
"SAMSUNG UN46EH5300FXZA BN44-00667A BN94-06711J BN96-27252A ""No return""","$69.00","https://www.ebay.com/itm/SAMSUNG-UN46EH5300FXZA-BN44-00667A-BN94-06711J-BN96-27252A-No-return/283128940599?hash=item41ebccc837:g:4R4AAOSwxXZccsXQ"
"QLED Q6F Samsung One Connect Cable Cord for BN96-44183A, BN39-02210C UN65MU9000","$40.00","https://www.ebay.com/itm/QLED-Q6F-Samsung-One-Connect-Cable-Cord-for-BN96-44183A-BN39-02210C-UN65MU9000/183335197808?hash=item2aafa11c70:g:gKsAAOSwUKxYZp~1:sc:USPSFirstClass!49503!US!-1"
"SAMSUNG 50"" UN50JS7000FXZA BN94-09269A Main Video Board Motherboard Discount","$50.94","https://www.ebay.com/itm/SAMSUNG-50-UN50JS7000FXZA-BN94-09269A-Main-Video-Board-Motherboard-Discount/162237826356?epid=16014965572&hash=item25c620c534:g:ovwAAOSwpmhcv1cq"
"SAMSUNG POWER BOARD# BN44-00807A","$12.90 $27.50","https://www.ebay.com/itm/SAMSUNG-POWER-BOARD-BN44-00807A/312672282625?epid=691134110&hash=item48ccb86801:g:dggAAOSw3hFdEcIa"
"Samsung LN46B650T1FXZA Main Board BN94-02578G BN40-00140A, BN41-01149A","$38.90","https://www.ebay.com/itm/Samsung-LN46B650T1FXZA-Main-Board-BN94-02578G-BN40-00140A-BN41-01149A/173905795497?epid=2102981003&hash=item287d97d9a9:g:mPAAAOSwMiJc3tY0:sc:USPSPriority!49503!US!-1"
